name,category,based_on,plugin,added_in_coros,status,controls
Bogna Uber Clean,Guitar amps,Bogner Uberschall Rev. Blue,,1.4.0,verified,"Gain (0-10, default 5.5, p1); Bass (0-10, default 5.0, p1); Mid (0-10, default 5.0, p1); Treble (0-10, default 5.0, p1); Presence (0-10, default 5.0, p1); Master (0-10, default 4.0, p1); Output (dB, default 6.0, p1)"
Bogna Uber Lead,Guitar amps,Bogner Uberschall Rev. Blue,,1.4.0,verified,"Gain (0-10, p1); Bass (0-10, p1); Mid (0-10, p1); Treble (0-10, p1); Presence (0-10, p1); Master (0-10, p1); Output (dB, p1)"
Bogna Vishnu 20th Clean,Guitar amps,Bogner Shiva 20th Anniversary,,1.2.0,verified,"Gain (0-10, default 3.0, p1); Bass (0-10, default 5.0, p1); Mid (0-10, default 5.0, p1); Treble (0-10, default 5.0, p1); Bright (switch, Off/On, default On, p1); Presence (0-10, default 5.0, p1); Depth (0-10, default 5.0, p1); Master (0-10, default 3.0, p1); Output (dB, default 2.0, p1)"
Brit 2203,Guitar amps,Marshall JCM800,,1.0.0,verified,"Gain (0-10, default 5.0, p1); Bass (0-10, default 5.0, p1); Mid (0-10, default 5.0, p1); Treble (0-10, default 5.0, p1); Presence (0-10, default 5.0, p1); Master (0-10, default 3.0, p1); Output (dB, default 0.0, p1)"
Brit 900 Clean,Guitar amps,Marshall JCM900 4100,,1.0.0,verified,"Gain (0-10, default 5.0, p1); Bass (0-10, default 5.0, p1); Mid (0-10, default 5.0, p1); Treble (0-10, default 5.0, p1); Presence (0-10, default 5.0, p1); Master (0-10, default 3.0, p1); Output (dB, default 0.0, p1)"
Brit 900 Lead,Guitar amps,Marshall JCM900 4100,,1.0.0,missing,
Brit Plexi 100 Bright,Guitar amps,Marshall Super Lead 100,,1.0.0,verified,"Gain (0-10, default 5.0, p1); Bass (0-10, default 5.0, p1); Mid (0-10, default 5.0, p1); Treble (0-10, default 5.0, p1); Presence (0-10, default 5.0, p1); Output (dB, default 0.0, p1)"
Brit Plexi 100 Normal,Guitar amps,Marshall Super Lead 100,,1.0.0,missing,
Brit Plexi 100 Patch,Guitar amps,Marshall Super Lead 100,,1.0.0,verified,"Gain 1 (0-10, default 5.0, p1); Gain 2 (0-10, default 5.0, p1); Bass (0-10, default 5.0, p1); Mid (0-10, default 5.0, p1); Treble (0-10, default 5.0, p1); Presence (0-10, default 5.0, p1); Output (dB, default 0.0, p1)"
Brit Plexi 50 Bright,Guitar amps,Marshall Lead 50,,1.0.0,verified,"Gain (0-10, p1); Bass (0-10, p1); Mid (0-10, p1); Treble (0-10, p1); Presence (0-10, p1); Output (dB, p1)"
Brit Plexi 50 Normal,Guitar amps,Marshall Lead 50,,1.0.0,missing,
Brit Plexi 50 Patch,Guitar amps,Marshall Lead 50,,1.0.0,missing,
Brit TM45 Bright,Guitar amps,Marshall JTM 45,,1.0.0,verified,"Gain (0-10, default 5.0, p1); Bass (0-10, default 5.0, p1); Mid (0-10, default 5.0, p1); Treble (0-10, default 5.0, p1); Presence (0-10, default 5.0, p1); Output (dB, default 0.0, p1)"
Brit TM45 Normal,Guitar amps,Marshall JTM 45,,1.0.0,missing,
Brit TM45 Patch,Guitar amps,Marshall JTM 45,,1.0.0,verified,"Gain 1 (0-10, default 5.0, p1); Gain 2 (0-10, default 5.0, p1); Bass (0-10, default 5.0, p1); Mid (0-10, default 5.0, p1); Treble (0-10, default 5.0, p1); Presence (0-10, default 5.0, p1); Output (dB, default 0.0, p1)"
Brit UBL Lead,Guitar amps,Marshall Silver Jubilee,,1.3.0,verified,"Input Gain (0-10, default 5.0, p1); Bass (0-10, default 5.0, p1); Mid (0-10, default 5.0, p1); Treble (0-10, default 5.0, p1); Presence (0-10, default 5.0, p1); Lead Master (0-10, default 5.0, p1); Output Master (0-10, default 3.0, p1); Output (dB, default 0.0, p1)"
Brit UBL Lead Clip,Guitar amps,Marshall Silver Jubilee,,1.3.0,unverified,"Input Gain, Lead Master, Output Master, Bass, Middle, Treble, Presence, Output"
CA 1Star Clean 100W Normal,Guitar amps,Mesa Boogie Lone Star,,1.0.0,verified,"Gain (0-10, default 2.0, p1); Bass (0-10, default 5.0, p1); Mid (0-10, default 5.0, p1); Treble (0-10, default 5.0, p1); EQ (select, Normal/Tweed, default Normal, p1); Presence (0-10, default 5.0, p1); Master (0-10, default 3.0, p1); Output (dB, default 0.0, p1)"
CA 1Star Clean 100W Tweed,Guitar amps,Mesa Boogie Lone Star,,1.0.0,unverified,"Bass, Middle, Treble, Eq, Gain, Master, Presence, Output"
CA 1Star Clean 50W Normal,Guitar amps,Mesa Boogie Lone Star,,1.0.0,unverified,"Bass, Middle, Treble, Eq, Gain, Master, Presence, Output"
CA 1Star Clean 50W Tweed,Guitar amps,Mesa Boogie Lone Star,,1.0.0,unverified,"Bass, Middle, Treble, Eq, Gain, Master, Presence, Output"
CA 1Star Drive 100W Normal,Guitar amps,Mesa Boogie Lone Star,,1.0.0,verified,"Drive (0-10, default 5.0, p1); Gain (0-10, default 5.0, p1); Bass (0-10, default 5.0, p1); Mid (0-10, default 5.0, p1); Treble (0-10, default 5.0, p1); EQ (select, Normal/Tweed, default Normal, p1); Presence (0-10, default 5.0, p1); Master (0-10, default 3.0, p1); Output (dB, default 0.0, p1)"
CA 1Star Drive 100W Tweed,Guitar amps,Mesa Boogie Lone Star,,1.0.0,unverified,"Bass, Middle, Treble, Drive, Eq, Gain, Master, Presence, Output"
CA 1Star Drive 50W Normal,Guitar amps,Mesa Boogie Lone Star,,1.0.0,unverified,"Bass, Middle, Treble, Drive, Eq, Gain, Master, Presence, Output"
CA 1Star Drive 50W Tweed,Guitar amps,Mesa Boogie Lone Star,,1.0.0,unverified,"Bass, Middle, Treble, Drive, Eq, Gain, Master, Presence, Output"
CA Duo Ch3 Modern,Guitar amps,Mesa Boogie Dual Rectifier,,1.0.0,verified,"Gain (0-10, default 5.0, p1); Bass (0-10, default 5.0, p1); Mid (0-10, default 5.0, p1); Treble (0-10, default 5.0, p1); Presence (0-10, default 5.0, p1); Master (0-10, default 3.0, p1); Output (dB, default 0.0, p1)"
CA Duo Ch3 Raw,Guitar amps,Mesa Boogie Dual Rectifier,,1.0.0,unverified,"Gain, Bass, Middle, Treble, Presence, Master, Output"
CA Duo Ch3 Vintage,Guitar amps,Mesa Boogie Dual Rectifier,,1.0.0,unverified,"Gain, Bass, Middle, Treble, Presence, Master, Output"
CA John's 2C Ch1,Guitar amps,Mesa Boogie JP2C,,2.0.0,verified,"Gain (0-10, default 5.0, p1); Bass (0-10, default 5.0, p1); Mid (0-10, default 5.0, p1); Treble (0-10, default 5.0, p1); Presence (0-10, default 5.0, p1); Master (0-10, default 3.0, p1); Output (dB, default -4.6, p1); EQ 80Hz (0-10, default 5.0, p2); EQ 240Hz (0-10, default 5.0, p2); EQ 750Hz (0-10, default 5.0, p2); EQ 2200Hz (0-10, default 5.0, p2); EQ 6600Hz (0-10, default 5.0, p2)"
CA John's 2C Ch2,Guitar amps,Mesa Boogie JP2C,,2.0.0,verified,"Gain (0-10, default 7.7, p1); Bass (0-10, default 0.9, p1); Mid (0-10, default 4.2, p1); Treble (0-10, default 6.3, p1); Presence (0-10, default 5.4, p1); Gain Pull (switch, Off/On, default Off, p1); Pres Pull (switch, Off/On, default On, p1); Shred (switch, Off/On, default Off, p1); Master (0-10, default 3.4, p1); Output (dB, default -5.8, p1); EQ 80Hz (0-10, default 8.0, p2); EQ 240Hz (0-10, default 5.3, p2); EQ 750Hz (0-10, default 2.2, p2); EQ 2200Hz (0-10, default 5.7, p2); EQ 6600Hz (0-10, default 8.3, p2)"
CA John's 2C Ch3,Guitar amps,Mesa Boogie JP2C,,2.0.0,verified,"Gain (0-10, default 7.7, p1); Bass (0-10, default 2.1, p1); Mid (0-10, default 5.5, p1); Treble (0-10, default 6.3, p1); Presence (0-10, default 7.4, p1); Gain Pull (switch, Off/On, default Off, p1); Pres Pull (switch, Off/On, default Off, p1); Shred (switch, Off/On, default Off, p1); Master (0-10, default 3.4, p1); Output (dB, default -9.0, p1); EQ 80Hz (0-10, default 8.5, p2); EQ 240Hz (0-10, default 6.9, p2); EQ 750Hz (0-10, default 3.9, p2); EQ 2200Hz (0-10, default 5.8, p2); EQ 6600Hz (0-10, default 6.2, p2)"
CA Tremo Orange,Guitar amps,Mesa Boogie Trem-O-Verb,,1.0.0,verified,"Gain (0-10, default 5.0, p1); Bass (0-10, default 5.0, p1); Mid (0-10, default 5.0, p1); Treble (0-10, default 5.0, p1); Presence (0-10, default 5.0, p1); Master (0-10, default 3.0, p1); Output (dB, default 0.0, p1)"
CA Tremo Red,Guitar amps,Mesa Boogie Trem-O-Verb,,1.0.0,unverified,"Gain, Bass, Mid, Treble, Presence, Master, Output"
Captain 50,Guitar amps,Morgan SW50,,1.2.0,verified,"Gain (0-10, default 5.0, p1); Bass (0-10, default 5.0, p1); Mid (0-10, default 5.0, p1); Treble (0-10, default 5.0, p1); Bright (switch, Off/On, default On, p1); Low Boost (switch, Off/On, default On, p1); Master (0-10, default 3.0, p1); Output (dB, default 0.0, p1)"
D-Cell H4 Ch1 Bright,Guitar amps,Diezel VH4,,1.0.0,verified,"Gain (0-10, default 5.0, p1); Bass (0-10, default 5.0, p1); Mid (0-10, default 5.0, p1); Treble (0-10, default 5.0, p1); Presence (0-10, default 5.0, p1); Deep (0-10, default 5.0, p1); Master (0-10, default 3.0, p1); Output (dB, default 0.0, p1)"
D-Cell H4 Ch1 Normal,Guitar amps,Diezel VH4,,1.0.0,unverified,"Gain, Volume, Bass, Mid, Treble, Presence (4kHz), Deep (80Hz), Bright switch (not on Ch3/Ch4)"
D-Cell H4 Ch2 Bright,Guitar amps,Diezel VH4,,1.0.0,unverified,"Gain, Volume, Bass, Mid, Treble, Presence (4kHz), Deep (80Hz), Bright switch (not on Ch3/Ch4)"
D-Cell H4 Ch2 Normal,Guitar amps,Diezel VH4,,1.0.0,unverified,"Gain, Volume, Bass, Mid, Treble, Presence (4kHz), Deep (80Hz), Bright switch (not on Ch3/Ch4)"
D-Cell H4 Ch3,Guitar amps,Diezel VH4,,1.0.0,unverified,"Gain, Volume, Bass, Mid, Treble, Presence (4kHz), Deep (80Hz), Bright switch (not on Ch3/Ch4)"
D-Cell H4 Ch4,Guitar amps,Diezel VH4,,1.0.0,unverified,"Gain, Volume, Bass, Mid, Treble, Presence (4kHz), Deep (80Hz), Bright switch (not on Ch3/Ch4)"
D-Cell Hisbert Ch1,Guitar amps,Diezel Herbert,,1.2.0,verified,"Volume (0-10, default 5.0, p1); Bass (0-10, default 5.0, p1); Mid (0-10, default 5.0, p1); Treble (0-10, default 5.0, p1); Midcut (switch, Off/On, default On, p1); Level (0-10, default 5.0, p1); Intensity (0-10, default 5.0, p1); Presence (0-10, default 5.0, p1); Deep (0-10, default 5.0, p1); Master (0-10, default 3.0, p1); Output (dB, default 0.0, p2)"
D-Cell Hisbert Ch2,Guitar amps,Diezel Herbert,,1.2.0,verified,"Gain (0-10, default 7.7, p1); Bass (0-10, default 2.8, p1); Mid (0-10, default 6.6, p1); Treble (0-10, default 7.2, p1); Mode (select, +/-, default +, p1); Midcut (switch, Off/On, default Off, p1); Level (0-10, default 5.0, p1); Intensity (0-10, default 5.0, p1); Presence (0-10, default 6.3, p1); Deep (0-10, default 6.5, p1); Master (0-10, default 7.1, p2); Output (dB, default -17.1, p2)"
D-Cell Hisbert Ch3,Guitar amps,Diezel Herbert,,1.2.0,verified,"Gain (0-10, default 5.0, p1); Bass (0-10, default 5.0, p1); Mid (0-10, default 5.0, p1); Treble (0-10, default 5.0, p1); Midcut (switch, Off/On, default Off, p1); Level (0-10, default 5.0, p1); Intensity (0-10, default 5.0, p1); Presence (0-10, default 5.0, p1); Deep (0-10, default 5.0, p1); Master (0-10, default 3.0, p1); Output (dB, default 0.0, p2)"
Dumbbell ODS,Guitar amps,Dumble Overdrive Special,,3.3.0,verified,"Channel (select, OD/Clean, default OD, p1); Volume (0-10, default 4.0, p1); Bass (0-10, default 5.0, p1); Mid (0-10, default 5.0, p1); Treble (0-10, default 5.0, p1); Preamp (switch, Off/On, default Off, p1); OD Content (0-10, default 6.0, p1); OD Volume (0-10, default 7.5, p1); Master (0-10, default 3.0, p1); Presence (0-10, default 5.0, p1); Bright (switch, Off/On, default Off, p2); Mid (switch, Off/On, default Off, p2); EQ (select, Rock/Jazz, default Rock, p2); Output (dB, default 0.0, p2)"
EV101IIIS Blue 6L6 100W,Guitar amps,EVH 5150 III 100S 6L6,,1.2.0,verified,"Gain (0-10, default 5.0, p1); Bass (0-10, default 5.0, p1); Mid (0-10, default 5.0, p1); Treble (0-10, default 5.0, p1); Presence (0-10, default 5.0, p1); Resonance (0-10, default 5.0, p1); Master (0-10, default 3.0, p1); Output (dB, default 0.0, p1)"
EV101IIIS Blue EL34 100W,Guitar amps,EVH 5150 IIIS EL34,,1.0.0,unverified,"Gain, Bass, Middle, Treble, Master, Presence, Resonance, Output"
EV101IIIS Red 6L6 100W,Guitar amps,EVH 5150 III 100S 6L6,,1.2.0,unverified,"Gain, Bass, Middle, Treble, Master, Presence, Resonance, Output"
EV101IIIS Red EL34 100W,Guitar amps,EVH 5150 IIIS EL34,,1.0.0,unverified,"Gain, Bass, Middle, Treble, Master, Presence, Resonance, Output"
Freeman 100 Clean,Guitar amps,Friedman HBE100,,1.0.0,verified,"Volume (0-10, default 3.0, p1); Bass (0-10, default 5.0, p1); Treble (0-10, default 5.0, p1); Bright (select, unconfirmed (reads 'Bright 1'), default Bright 1, p1); Presence (0-10, default 5.0, p1); Output (dB, default 0.0, p1)"
Freeman 100 Lead,Guitar amps,Friedman HBE100,,1.0.0,verified,"Gain (0-10, default 5.0, p1); Bass (0-10, default 5.0, p1); Mid (0-10, default 5.0, p1); Treble (0-10, default 5.0, p1); Voice (switch, Off/On, default On, p1); Fat (switch, Off/On, default Off, p1); C45 (switch, Off/On, default Off, p1); Sat (switch, Off/On, default Off, p1); Presence (0-10, default 5.0, p1); Master (0-10, default 3.0, p1); Output (dB, default 0.0, p2)"
Freeman 100 Rhythm,Guitar amps,Friedman HBE100,,1.0.0,unverified,"Fat switch, C45 switch, Gain, Voice switch, Sat switch, Bass, Middle, Treble, Master, Presence, Output"
Matchmore D30 Ch1,Guitar amps,Matchless DC30 Ch1,,2.1.0,verified,"Volume (0-10, default 4.0, p1); Bass (0-10, default 5.0, p1); Treble (0-10, default 5.0, p1); Cut (0-10, default 5.0, p1); Master (0-10, default 5.0, p1); Output (dB, default 0.0, p1)"
Matchmore D30 Ch2,Guitar amps,Matchless DC30 Ch2,,2.1.0,verified,"Volume (0-10, default 5.0, p1); Tone (0-10, default 4.0, p1); Cut (0-10, default 5.0, p1); Master (0-10, default 5.0, p1); Output (dB, default 0.0, p1)"
Matchmore Jefe,Guitar amps,Matchless Chieftain,,2.1.0,verified,"Volume (0-10, default 3.0, p1); Bass (0-10, default 5.0, p1); Mid (0-10, default 5.0, p1); Treble (0-10, default 5.0, p1); Brilliance (0-10, default 5.0, p1); Master (0-10, default 3.0, p1); Output (dB, default 0.0, p1)"
PV-505 Lead,Guitar amps,Peavey 6505,,1.0.0,verified,"Gain (0-10, default 5.0, p1); Bass (0-10, default 5.0, p1); Mid (0-10, default 5.0, p1); Treble (0-10, default 5.0, p1); Presence (0-10, default 5.0, p1); Depth (0-10, default 5.0, p1); Master (0-10, default 3.0, p1); Output (dB, default 0.0, p1)"
PV-505 Rhythm,Guitar amps,Peavey 6505,,1.0.0,verified,"Gain (0-10, default 5.0, p1); Bass (0-10, default 5.0, p1); Mid (0-10, default 5.0, p1); Treble (0-10, default 5.0, p1); Bright (switch, Off/On, default On, p1); Presence (0-10, default 5.0, p1); Depth (0-10, default 5.0, p1); Master (0-10, default 3.0, p1); Output (dB, default 0.0, p1)"
Rols Jazz CH120,Guitar amps,Roland Jazz Chorus 120,,1.0.0,verified,"Volume (0-10, default 1.0, p1); Bass (0-10, default 5.0, p1); Mid (0-10, default 5.0, p1); Treble (0-10, default 5.0, p1); Bright (switch, Off/On, default Off, p1); Output (dB, default 0.0, p1)"
Solo 100 Crunch Bright,Guitar amps,Soldano SLO 100,,1.0.0,verified,"Gain (0-10, default 5.0, p1); Bass (0-10, default 5.0, p1); Mid (0-10, default 5.0, p1); Treble (0-10, default 5.0, p1); Presence (0-10, default 5.0, p1); Master (0-10, default 3.0, p1); Output (dB, default 0.0, p1)"
Solo 100 Crunch Normal,Guitar amps,Soldano SLO 100,,1.0.0,unverified,"Gain, Bass, Middle, Treble, Master, Presence, Output"
Solo 100 Lead,Guitar amps,Soldano SLO 100,,1.0.0,unverified,"Gain, Bass, Middle, Treble, Master, Presence, Output"
UK C15 Normal,Guitar amps,Vox AC15,,1.3.0,unverified,"Bright switch, Volume, Tone Cut, Output"
UK C15 TopBoost,Guitar amps,Vox AC15,,1.3.0,unverified,"Volume (=Drive), Boost switch, Bass, Treble, Tone Cut, Output"
UK C30 Normal,Guitar amps,Vox AC30,,1.0.0,unverified,"Bright switch, Volume, Tone Cut, Output"
UK C30 TopBoost,Guitar amps,Vox AC30,,1.0.0,unverified,"Volume (=Drive), Boost switch, Bass, Treble, Tone Cut, Output"
US DLX 64 Vintage,Guitar amps,Fender Deluxe Reverb '64 Vintage,,3.1.0,unverified,"Volume, Bass, Treble, Output"
US DLX 65 Reissue,Guitar amps,Fender Deluxe Reverb '65 Reissue,,3.1.0,unverified,"Volume, Bass, Treble, Output"
US HP Tweed TWN Bright,Guitar amps,Fender High Power Tweed Twin 5F8-A,,1.4.0,unverified,"Volume Normal, Volume Bright, Treble, Bass, Middle, Presence, Output"
US HP Tweed TWN Bright Patch,Guitar amps,Fender High Power Tweed Twin 5F8-A,,1.4.0,unverified,"Volume Normal, Volume Bright, Treble, Bass, Middle, Presence, Output"
US HP Tweed TWN Normal,Guitar amps,Fender High Power Tweed Twin 5F8-A,,1.4.0,unverified,"Volume Normal, Volume Bright, Treble, Bass, Middle, Presence, Output"
US HP Tweed TWN Normal Patch,Guitar amps,Fender High Power Tweed Twin 5F8-A,,1.4.0,unverified,"Volume Normal, Volume Bright, Treble, Bass, Middle, Presence, Output"
US Prince,Guitar amps,Fender Blackface Princeton Reverb,,1.3.0,unverified,"Volume, Treble, Bass, Output"
US SPR Normal,Guitar amps,Fender Super Reverb '65,,1.0.0,unverified,"Volume, Bright switch, Bass, Treble, Output"
US SPR Vibrato,Guitar amps,Fender Super Reverb '65,,1.0.0,unverified,"Volume, Bright switch, Bass, Middle, Treble, Output"
US Tweed Basslad Bright,Guitar amps,Fender Bassman Tweed,,1.3.0,unverified,"Volume Normal, Volume Bright, Treble, Bass, Middle, Presence, Output"
US Tweed Basslad Bright Patch,Guitar amps,Fender Bassman Tweed,,1.3.0,unverified,"Volume Normal, Volume Bright, Treble, Bass, Middle, Presence, Output"
US Tweed Basslad Normal,Guitar amps,Fender Bassman Tweed,,1.3.0,unverified,"Volume Normal, Volume Bright, Treble, Bass, Middle, Presence, Output"
US Tweed Basslad Normal Patch,Guitar amps,Fender Bassman Tweed,,1.3.0,unverified,"Volume Normal, Volume Bright, Treble, Bass, Middle, Presence, Output"
US TWN Normal,Guitar amps,Fender Twin Reverb,,1.0.0,unverified,"Volume, Bright switch, Bass, Middle, Treble, Output"
US TWN Vibrato,Guitar amps,Fender Twin Reverb,,1.0.0,unverified,"Volume, Bright switch, Bass, Middle, Treble, Output"
Victor Squid Ch1,Guitar amps,Victory Kraken Ch1,,2.1.0,missing,
Victor Squid Ch2,Guitar amps,Victory Kraken Ch2,,2.1.0,missing,
Watt D103 Bright,Guitar amps,Hiwatt DR103,,1.0.0,unverified,"Gain, Bass, Middle, Treble, Master, Presence, Output"
Watt D103 Normal,Guitar amps,Hiwatt DR103,,1.0.0,unverified,"Gain, Bass, Middle, Treble, Master, Presence, Output"
110 US PRN Brown FatJ 10s,Guitar cabinets,Fender Princeton w/ FatJimmy C1060,,1.0.0,missing,
110 US PRN C10R,Guitar cabinets,Fender Princeton w/ Jensen C10R,,1.3.0,missing,
110 US PRN Gold G10,Guitar cabinets,Fender Princeton Brownface w/ Celestion G10 Alnico Gold,,3.3.0,missing,
112 Brit P-Series TX 33,Guitar cabinets,Marshall 1933 w/ Eminence Texas Heat,,3.3.0,missing,
112 UK C15 Blue,Guitar cabinets,Vox AC15 w/ Celestion Alnico Blue,,1.3.0,missing,
112 US DLX Black C12K 00s,Guitar cabinets,Fender Deluxe Blackface w/ Jensen C12K,,1.0.0,missing,
112 US DLX SC64,Guitar cabinets,Fender Deluxe 1x12 Eminence GA-SC64,,1.0.2,missing,
112 US DLX Tweed WGS-Q 10s,Guitar cabinets,Fender Deluxe Tweed w/ WGS G12Q,,1.0.0,missing,
112 Zila MiniMod RB '17,Guitar cabinets,Zilla Mini Modern w/ Celestion G12H150 Redback,,1.0.0,missing,
210 US TRMLX Oxf '63,Guitar cabinets,Fender Tremolux w/ Oxford Alnico,,1.0.0,missing,
212 CA Recto Legend V12,Guitar cabinets,Mesa Rectifier 2x12 Legend V12,,1.0.2,missing,
212 CA Recto V30 '98,Guitar cabinets,Mesa Rectifier w/ Celestion V30,,1.0.0,missing,
212 Rols Jazz '87,Guitar cabinets,Roland JC-120,,1.0.0,missing,
212 Sur V-type 10,Guitar cabinets,Suhr cab w/ Celestion V-Type,,1.0.0,missing,
212 Too Rock EV,Guitar cabinets,Two Rock open back w/ EV EVM12L,,3.3.0,missing,
212 Too Rock G65,Guitar cabinets,Two Rock open back w/ Celestion G12-65,,3.3.0,missing,
212 Too Rock KM65,Guitar cabinets,Two Rock open back w/ K&M 65,,3.3.0,missing,
212 UK C30 '65,Guitar cabinets,Vox AC30 Top Boost w/ Celestion Alnico Silver Bell,,1.2.0,missing,
212 UK C30 GB '69,Guitar cabinets,Vox AC30 w/ Celestion Pre-Rola Greenback,,1.0.0,missing,
212 US A-type 00s,Guitar cabinets,"Fender cab w/ Celestion A-Type 12""",,1.0.0,missing,
212 US Bleached Basslad V30 01,Guitar cabinets,Fender Blonde Bassman w/ Celestion V30,,3.3.0,missing,
212 US TWN C12Q 00s,Guitar cabinets,Fender Twin Reverb w/ Jensen C12K-2,,1.0.0,missing,
212 US TWN CK2,Guitar cabinets,Fender Twin Reverb 2x12 Jensen C12K-2,,1.2.0,missing,
212 US TWN Web Classic 08,Guitar cabinets,Fender Tweed Twin w/ Weber Classic Alnico,,3.3.0,missing,
212 Zila CB '16,Guitar cabinets,Zilla w/ Celestion Creamback G12H-75,,1.0.0,missing,
212 Zila Fatboy V30 '02,Guitar cabinets,Zilla Fatboy 2x12 w/ Celestion UK V30,,1.0.2,missing,
212 Zila Open CL80 19,Guitar cabinets,Zilla Open w/ Celestion Classic Lead 80,,3.3.0,missing,
212 Zila Open G65 82,Guitar cabinets,Zilla Open w/ Celestion G12-65,,3.3.0,missing,
212 Zila Open Gold '19,Guitar cabinets,Zilla Open w/ Celestion Alnico Gold,,1.0.0,missing,
410 US Basslad PR10,Guitar cabinets,Fender Bassman Tweed w/ Jensen P10R,,1.3.0,missing,
412 Bogna Uber T75 00s,Guitar cabinets,Bogner Ubercab w/ Celestion T75,,1.0.0,missing,
412 Bogna Uber V30 00s,Guitar cabinets,Bogner Ubercab w/ Celestion V30,,1.0.0,missing,
412 Brit 35B Alnico Cream,Guitar cabinets,Marshall 1935B Alnico Cream,,1.0.2,missing,
412 Brit 60A G75 80s,Guitar cabinets,Marshall 1960A w/ Celestion G12T-75 80s,,3.3.0,missing,
412 Brit 60A GB75Hz '89,Guitar cabinets,Marshall 1960A w/ Celestion G12M25,,1.0.0,missing,
412 Brit 60A LB50 12,Guitar cabinets,Marshall 1960A w/ Celestion G12-50GL Lynchback,,3.3.0,missing,
412 Brit 60B GB '71,Guitar cabinets,Marshall 1960B w/ Celestion Pulsonic Greenback,,1.0.0,missing,
412 Brit 60B GB 90s,Guitar cabinets,Marshall 1960B w/ Celestion Greenback,,1.0.0,missing,
412 Brit 60B V30 '95,Guitar cabinets,Marshall 1960B w/ Celestion Marshall V30,,1.0.0,missing,
412 Brit Silver B 70w '87,Guitar cabinets,Marshall 2551B w/ Celestion,,1.0.0,missing,
412 Brit TV GB75Hz '69,Guitar cabinets,Marshall 1960TV w/ Celestion G12M25,,1.0.0,missing,
412 CA Custom A Shadow 87,Guitar cabinets,Mesa Boogie Custom w/ Celestion Black Shadow,,3.3.0,missing,
412 CA Dagger A V30 01,Guitar cabinets,Mesa Boogie Stiletto w/ Celestion V30,,3.3.0,missing,
412 CA Stand OS A V30 '01,Guitar cabinets,Mesa Standard OS Angled w/ Celestion V30,,1.0.0,missing,
412 CA Stand OS A V30 '03,Guitar cabinets,Mesa Oversize Angle 2003 w/ Celestion UK V30,,1.0.2,missing,
412 CA Stand OS S V30 90s,Guitar cabinets,Mesa Standard OS Straight w/ Celestion V30,,1.0.0,missing,
412 CA Trad A V30 '92,Guitar cabinets,Mesa Traditional Angled w/ Celestion V30,,1.0.0,missing,
412 CA Trad S H30 '15,Guitar cabinets,Mesa Traditional Straight w/ Celestion G12H30,,1.0.0,missing,
412 CA Trad S UKV30 90s,Guitar cabinets,Mesa Traditional Straight w/ Celestion V30,,1.0.0,missing,
412 Cornfield V30,Guitar cabinets,Cornford RK412 w/ Celestion V30,,3.3.0,missing,
412 D-Cell Front V30 '04,Guitar cabinets,Diezel Front Loaded w/ Celestion V30,,1.0.0,missing,
412 ENG Pro V30 18,Guitar cabinets,ENGL V30,,1.0.0,missing,
412 EV Straight G12 00s,Guitar cabinets,EVH Straight w/ Celestion G12EVH,,1.0.0,missing,
412 Range PPC V30 '02,Guitar cabinets,Orange PPC412 w/ Celestion V30,,1.0.0,missing,
412 Range PPC V30 '03,Guitar cabinets,Orange PPC412 w/ Celestion V30,,1.0.0,missing,
412 VH Fat P50,Guitar cabinets,VHT FatBottom w/ Eminence P50e,,3.3.0,missing,
412 Watt S4123,Guitar cabinets,Hiwatt SE4123 4x12,,1.2.0,missing,
412 Zila Cust V30 '12 V2,Guitar cabinets,Zilla Custom w/ Celestion V30,,1.0.0,missing,
Match D30 Sig A,Guitar cabinets,Matchless DC30 Sig A,,2.1.0,missing,
Match D30 Sig B,Guitar cabinets,Matchless DC30 Sig B,,2.1.0,missing,
Match Jefe Sig 02,Guitar cabinets,Matchless Chieftain Sig 02,,2.1.0,missing,
Match Jefe V30 02,Guitar cabinets,Matchless Chieftain V30 02,,2.1.0,missing,
81 Creations Drive,Guitar overdrive,1981 Inventions DRV,,3.3.0,missing,
Brit Blues,Guitar overdrive,Marshall BluesBreaker,,1.0.0,missing,
Brit Governor,Guitar overdrive,Marshall Guv'nor,,1.0.0,missing,
Chief BD2,Guitar overdrive,BOSS BD-2,,1.0.0,missing,
Chief DS1,Guitar overdrive,BOSS DS-1,,1.0.0,missing,
Chief MT,Guitar overdrive,BOSS MT-2,,1.0.0,missing,
Chief OD1,Guitar overdrive,BOSS OD-1,,1.0.0,missing,
Chief SD1,Guitar overdrive,BOSS SD-1,,1.0.0,missing,
Exotic,Guitar overdrive,Xotic BB Preamp,,1.0.0,missing,
Exotic Z Boost,Guitar overdrive,Xotic RC Booster,,1.2.0,missing,
Facial Fuzz,Guitar overdrive,Dunlop Fuzzface,,1.2.0,missing,
Freeman BOD,Guitar overdrive,Friedman BE-OD,,1.0.0,missing,
Fuzz Pi,Guitar overdrive,Electro-Harmonix Big Muff Pi,,1.0.0,missing,
Green 808,Guitar overdrive,Ibanez TS808,,1.0.0,missing,
MK3 Silicon Fuzz,Guitar overdrive,JHS Bender 1973 London,,2.1.0,missing,
Myth Drive,Guitar overdrive,Klon Centaur,,1.0.0,missing,
No-Bell OD1,Guitar overdrive,Nobels ODR-1,,1.4.0,missing,
Obsessive Drive,Guitar overdrive,Fulltone OCD,,1.0.0,missing,
OD250,Guitar overdrive,DOD Overdrive Preamp 250,,1.0.0,missing,
Rage Booster,Guitar overdrive,Dallas Rangemaster,,1.0.0,missing,
Red Drive,Guitar overdrive,Keeley Red Dirt,,1.4.0,missing,
Rodent Drive,Guitar overdrive,ProCo Rat,,1.0.0,missing,
Thunderpaw,Guitar overdrive,Mr Black Thunderclaw,,2.0.0,missing,
Vemural Ray,Guitar overdrive,Vemuram Jan Ray,,1.4.0,missing,
Analog Delay,Delay,,,1.3.0,missing,
Slapback Delay,Delay,,,1.3.0,missing,
Digital Delay,Delay,,,2.1.0,missing,
Dual Delay,Delay,,,1.4.0,missing,
Dual Reverse Delay,Delay,,,2.1.0,missing,
Simple Ping Pong Delay,Delay,,,1.0.0,missing,
Reverse Delay,Delay,,,2.1.0,missing,
Simple Delay,Delay,,,2.1.0,missing,
Tape Delay,Delay,,,2.1.0,missing,
Circular Delay,Delay,,,3.0.0,missing,
Arpeggio Delay,Delay,,,4.1.0,missing,
Crystal Delay,Delay,,,4.1.0,missing,
Ambience,Reverb,,,1.0.0,missing,
Blossom (ST),Reverb,Inspired by Strymon BigSky Bloom mode,,4.0.0,missing,
Cave,Reverb,,,1.0.0,missing,
Hall,Reverb,,,1.0.0,missing,
Mind Hall,Reverb,,,1.2.0,missing,
Modulated,Reverb,,,1.0.0,missing,
Nordic Concert Hall (ST),Reverb,Inspired by Valhalla VintageVerb Concert Hall,,4.0.0,missing,
Plate,Reverb,,,1.2.0,missing,
Plate Lush,Reverb,,,1.2.0,missing,
Plate Tight,Reverb,,,1.2.0,missing,
Room,Reverb,,,1.0.0,missing,
Shimmer,Reverb,,,1.1.0,missing,
Spring (M),Reverb,,,1.0.0,missing,
Spring (ST),Reverb,,,1.0.0,missing,
Spring Reverb Engine (M),Reverb,,,3.3.0,missing,
Spring Reverb Engine (ST),Reverb,,,3.3.0,missing,
Studio Plate 70 (ST),Reverb,Lexicon PCM70 Rich Plate,,4.0.0,missing,
Vintage Digital,Reverb,Oto Machines Bam Space Generator,,4.1.0,missing,
Chief CS3,Compressor,BOSS CS-3,,1.4.0,missing,
Jewel,Compressor,Diamond Compressor,,1.0.0,missing,
Legendary 87,Compressor,Universal Audio 1176,,1.0.0,missing,
Legendary 87 (ST),Compressor,Universal Audio 1176,,1.4.0,missing,
Legendary 87 (S/C),Compressor,Universal Audio 1176,,3.0.0,missing,
Opto Comp,Compressor,,,1.0.0,missing,
Opto Comp (ST),Compressor,,,1.4.0,missing,
Opto Comp (S/C),Compressor,,,3.0.0,missing,
Solid State Comp,Compressor,SSL Bus,,1.0.0,missing,
Solid State Comp (ST),Compressor,SSL Bus,,1.4.0,missing,
Solid State Comp (S/C),Compressor,SSL Bus,,3.0.0,missing,
VCA Comp,Compressor,,,1.0.0,missing,
VCA Comp (ST),Compressor,,,1.4.0,missing,
VCA Comp (S/C),Compressor,,,3.0.0,missing,
Douglas Shining Comp (M),Compressor,Darkglass Hyper Luminal,,4.1.0,missing,
Aggi Sub Octaver,Pitch,Aguilar Octamizer,,3.3.0,missing,
Chief OC2,Pitch,BOSS OC-2,,3.1.0,missing,
Minivoicer,Pitch,,,1.4.0,missing,
Pitch Correction,Pitch,,,3.0.0,missing,
Pitch Shifter,Pitch,,,1.0.0,missing,
Poly Octaver,Pitch,Electro-Harmonix POG,,1.0.0,missing,
Subharmonic Synth,Pitch,Digitech DOD Meatbox SubSynth,,3.1.0,missing,
Transpose,Pitch,,,3.0.0,missing,
Wham,Pitch,Digitech Whammy,,1.0.0,missing,
Multivoicer,Pitch,free version from Archetype: Tim Henson X,,4.1.0,missing,
Chief CE2W,Modulation,BOSS CE-2W,,1.3.0,missing,
Chief CE2W (M),Modulation,BOSS CE-2W,,1.4.0,missing,
Chief DC2W,Modulation,BOSS DC-2W Dimension,,1.4.0,missing,
Chief DC2W (M),Modulation,BOSS DC-2W Dimension,,1.4.0,missing,
Chorus 229T,Modulation,TC Electronic TC-2290,,1.3.0,missing,
Chorus Engine,Modulation,,,1.3.0,missing,
Digital Flanger,Modulation,,,1.1.0,missing,
Dream Chorus,Modulation,TC Electronic Dreamscape,,1.3.0,missing,
Dream Chorus (M),Modulation,TC Electronic Dreamscape,,1.3.0,missing,
Dual Chorus,Modulation,,,1.0.0,missing,
Flanger Engine,Modulation,,,1.3.0,missing,
Flangerish,Modulation,,,1.1.0,missing,
Harmonic Tremolo,Modulation,,,3.1.0,missing,
Micro Processor (ST),Modulation,Eventide Micropitch Delay,,3.3.0,missing,
MX Flanger,Modulation,MXR Flanger M117R,,1.3.0,missing,
MX Phase 95,Modulation,MXR Phase 95,,1.4.0,missing,
MX Vibes,Modulation,MXR UniVibe,,1.0.0,missing,
NuVibes,Modulation,,,2.0.0,missing,
Pattern Tremolo,Modulation,,,3.3.0,missing,
Phaser,Modulation,,,1.0.0,missing,
Rotary,Modulation,,,1.0.0,missing,
Tremolo,Modulation,,,1.0.0,missing,
Vibrato,Modulation,,,1.0.0,missing,
Vintage Chorus,Modulation,,,1.0.0,missing,
Bit-Crusher (ST),Morph,,,3.3.0,missing,
Bit-Crusher Engine (M),Morph,,,3.3.0,missing,
Freeze,Morph,,,1.3.0,missing,
Phase-Locked Loop,Morph,EarthQuaker Devices Data Corrupter,,3.3.0,missing,
Glitch,Morph,free version from Archetype: Misha Mansoor X,,4.1.0,missing,
Ring Modulator,Morph,,,4.1.0,missing,
Env. Filter,Filter,,,1.0.0,missing,
Env. filter (S/C),Filter,,,3.0.0,missing,
Foog,Filter,Moog Moogerfooger MF-101,,1.0.0,missing,
Love Meat,Filter,Lovetone Meatball,,1.0.0,missing,
Graphic-9,EQ,,,1.0.0,missing,
Low-High Cut,EQ,,,1.0.0,missing,
Parametric-3,EQ,,,1.0.0,missing,
Parametric-8,EQ,,,1.0.0,missing,
Plugin Graphic-9,EQ,,,3.0.0,missing,
Plugin Parametric-4,EQ,,,4.1.0,missing,
Auto Wah,Wah,,,3.3.0,missing,
Bad Horse,Wah,Morley Bad Horsie,,1.0.0,missing,
Bubba Wah,Wah,Dunlop Budda Budwah,,1.0.0,missing,
Crying Clyde Wah,Wah,Dunlop Cry Baby Clyde McCoy,,1.0.0,missing,
Crying Wah,Wah,Dunlop Cry Baby GCB-95,,1.0.0,missing,
Crying Wah From Hell,Wah,Dunlop Crybaby from Hell,,3.1.0,missing,
Adaptive Gate,Utility,,,1.0.0,missing,
Adaptive Gate (S/C),Utility,,,3.0.0,missing,
Gain,Utility,,,1.0.0,missing,
Simple Gate,Utility,,,1.0.0,missing,
Utility Gate,Utility,,,1.0.0,missing,
Volume,Utility,,,2.1.0,missing,
Phase Doctor,Utility,Little Labs IBP,,4.0.0,missing,
Plugin Gate,Utility,,,3.0.0,missing,
Doubler,Utility,,,3.0.0,missing,
Plugin Doubler,Utility,,,3.0.0,missing,
Plugin Blend,Utility,,,3.0.0,missing,
Transparent Blend,Utility,,,3.0.0,missing,
Mono Synth,Synth,free version of Overlord Synth from Archetype: Rabea X,,3.3.0,missing,
Gojira WOW,Pitch,,Archetype: Gojira X,3.0.0,verified,"Fatso Mix (0-100 %, default 50.0, p1); Pedal (0-100 %, default 0.0, p1); Mode (select, FATSO / Blade 1 / Blade 2, default FATSO, p1)"
Gojira OCT,Pitch,,Archetype: Gojira X,3.0.0,verified,"DI Level (0-100 %, default 50, p1); Oct 1 (0-100 %, default 50, p1); Oct 2 (0-100 %, default 50, p1)"
Gojira OD,Guitar overdrive,,Archetype: Gojira X,3.0.0,verified,"Dist (0-10, default 5.0, p1); Tone (0-10, default 5.0, p1); Level (0-10, default 5.0, p1)"
Gojira DRT,Guitar overdrive,,Archetype: Gojira X,3.0.0,verified,"Dist (0-10, default 5.0, p1); Filter (0-10, default 5.0, p1); Vol (0-10, default 5.0, p1)"
Gojira PHSR,Modulation,,Archetype: Gojira X,3.0.0,verified,"Rate (Hz, default 0.61, p1); Sync (switch, Off/On, default Off, p1); Sync Note (select, note values, default 1/4, p1)"
Gojira CHR,Modulation,,Archetype: Gojira X,3.0.0,verified,"Rate (Hz, default 0.41, p1); Depth (0-100 %, default 50, p1); Feedback (0-100 %, default 50, p1); Mix (0-100 %, default 50, p1); Sync (switch, Off/On, default Off, p1); Sync Note (select, note values, default 1/4, p1)"
Gojira CLN,Guitar amps,,Archetype: Gojira X,3.0.0,verified,"Gain (0-10, default 5.0, p1); Bass (0-10, default 5.0, p1); Mid (0-10, default 5.0, p1); Treble (0-10, default 5.0, p1); Bright (switch, OFF/ON, default OFF, p1); Output (dB, default 0.0, p1)"
Gojira RST,Guitar amps,,Archetype: Gojira X,3.0.0,verified,"Gain (0-10, default 5.0, p1); Bass (0-10, default 5.0, p1); Mid (0-10, default 5.0, p1); Treble (0-10, default 5.0, p1); Presence (0-10, default 5.0, p1); Depth (0-10, default 5.0, p1); Master (0-10, default 5.0, p1); Output (dB, default 0.0, p1)"
Gojira HOT,Guitar amps,,Archetype: Gojira X,3.0.0,verified,"Gain (0-10, default 5.0, p1); Bass (0-10, default 5.0, p1); Mid (0-10, default 5.0, p1); Treble (0-10, default 5.0, p1); Presence (0-10, default 5.0, p1); Depth (0-10, default 5.0, p1); Master (0-10, default 5.0, p1); Output (dB, default 0.0, p1)"
Gojira DLY (ST),Delay,,Archetype: Gojira X,3.0.0,verified,"Mix (0-100 %, default 50.0, p1); Feedback (0-100 %, default 50.0, p1); Ping Pong (switch, Off/On, default On, p1); Sync (switch, Off/On, default On, p1); Sync Note (select, note values, default 1/4, p1); Delay Time (time, ms, default 500, p1); Tape Mod (0-100 %, default 50, p1); Tape Sat (0-100 %, default 0, p1); Trails (switch, Off/On, default On, p1); Tone (0-100 %, default 50, p1)"
Gojira REV,Reverb,,Archetype: Gojira X,3.0.0,verified,"Mix (0-100 %, default 50.0, p1); Decay (0-100 %, default 50, p1); Low Cut (0-100 %, default 0, p1); High Cut (0-100 %, default 100, p1); Trails (switch, Off/On, default On, p1)"
Gojira REV Shimmer,Reverb,,Archetype: Gojira X,3.0.0,verified,"Mix (0-100 %, default 50.0, p1); Decay (0-100 %, default 50, p1); Low Cut (0-100 %, default 0, p1); High Cut (0-100 %, default 100, p1); Trails (switch, Off/On, default On, p1)"
Cory Wong Wah,Wah,,Archetype: Cory Wong X,3.2.0,verified,"Position (0-100 %, default 0, p1); Auto-Wah (switch, Off/On, default Off, p1); Sensitivity (0-100 %, default 50, p1); Attack (ms, default 500, p1); Release (ms, default 500, p1)"
Cory Wong The Postal Service,Filter,,Archetype: Cory Wong X,3.2.0,verified,"Range (Hz, default 1150, p1); Sensitivity (dB, default 36.0, p1); Attack (ms, default 550, p1); Decay (ms, default 550, p1)"
Cory Wong The 4th Position Compressor,Compressor,,Archetype: Cory Wong X,3.2.0,verified,"Compression (0-100 %, default 50, p1); Blend (0-100 %, default 50, p1); Tone (0-100 %, default 50, p1); Volume (0-100 %, default 50, p1); Gain Reduction (meter, dB, p1)"
Cory Wong The Tuber,Guitar overdrive,,Archetype: Cory Wong X,3.2.0,verified,"Drive (0-10, default 5.0, p1); Tone (0-10, default 5.0, p1); Level (0-10, default 5.0, p1)"
Cory Wong The Big Rig Overdrive,Guitar overdrive,,Archetype: Cory Wong X,3.2.0,verified,"Drive (0-10, default 5.0, p1); Tone (0-10, default 5.0, p1); Level (0-10, default 5.0, p1)"
Cory Wong D.I. Funk Console,Guitar amps,,Archetype: Cory Wong X,3.2.0,verified,"Comp (0-10, default 5.0, p1); Attack (switch, Slow/Fast, default Fast, p1); Tube Sat (0-10, default 5.0, p1); High Pass (Hz, default 20, p1); Low Pass (Hz, default 17000, p1); Lows (dB, default 0.0, p1); Lows Freq (switch, 150 Hz/225 Hz, default 225 Hz, p1); Mids (dB, default 0.0, p1); Mids Freq (switch, 600 Hz/900 Hz, default 900 Hz, p1); Highs (dB, default 0.0, p1); Highs Freq (switch, 2.5 kHz/4 kHz, default 4 kHz, p2); Output (dB, default 0.0, p2)"
Cory Wong The Clean Machine,Guitar amps,,Archetype: Cory Wong X,3.2.0,verified,"Volume (0-10, default 5.0, p1); Bright (switch, OFF/ON, default OFF, p1); Bass (0-10, default 5.0, p1); Middle (0-10, default 5.0, p1); Treble (0-10, default 5.0, p1); Presence (0-10, default 5.0, p1); Output (dB, default 0.0, p1)"
Cory Wong The Amp Snob,Guitar amps,,Archetype: Cory Wong X,3.2.0,verified,"Volume (0-10, default 5.0, p1); Bright (switch, OFF/ON, default OFF, p1); Bass (0-10, default 5.0, p1); Middle (0-10, default 5.0, p1); Treble (0-10, default 5.0, p1); Master (0-10, default 5.0, p1); Presence (0-10, default 5.0, p1); Output (dB, default 0.0, p1); Drive (switch, OFF/ON, default OFF, p1)"
Cory Wong The 80s,Modulation,,Archetype: Cory Wong X,3.2.0,verified,"Mix (0-100 %, default 50, p1); Rate (Hz, default 1.65, p1); Width (0-100 %, default 50, p1); Sync (switch, Off/On, default Off, p1); Sync Note (select, note values, default 1/4, p1)"
Cory Wong Delay-y-y,Delay,,Archetype: Cory Wong X,3.2.0,verified,"Mix (0-100 %, default 50.0, p1); Feedback (0-100 %, default 25, p1); Mode (switch, Dual/Single, default Single, p1); Delay Time L (time, ms, default 500, p1); Delay Time R (time, ms, default 500, p1); High Pass (Hz, default 50, p1); Low Pass (Hz, default 5000, p1); Sync (switch, Off/On, default On, p1); Sync Note L (select, note values, default 1/4, p1); Sync Note R (select, note values, default 1/4, p1); Trails (switch, Off/On, default On, p2)"
Cory Wong The Wash,Reverb,,Archetype: Cory Wong X,3.2.0,verified,"Mix (0-100 %, default 50.0, p1); Decay (0-100 %, default 50, p1); Low Cut (0-100 %, default 0, p1); High Cut (0-100 %, default 100, p1); Trails (switch, Off/On, default On, p1)"
Cory Wong The Wash Shimmer,Reverb,,Archetype: Cory Wong X,3.2.0,verified,"Mix (0-100 %, default 50.0, p1); Decay (0-100 %, default 50, p1); Low Cut (0-100 %, default 0, p1); High Cut (0-100 %, default 100, p1); Trails (switch, Off/On, default On, p1)"
Nolly Compressor,Compressor,,Archetype: Nolly X,3.2.0,verified,"Comp (0-10, default 5.0, p1); Level (0-10, default 5.0, p1); Attack (switch, Snappy/Smooth, default Snappy, p1); Gain Reduction (meter, dB, p1)"
Nolly Overdrive-1,Guitar overdrive,,Archetype: Nolly X,3.2.0,verified,"Drive (0-10, default 5.0, p1); Tone (0-10, default 5.0, p1); Level (0-10, default 5.0, p1); Bright (switch, Off/On, default Off, p1)"
Nolly Overdrive-2,Guitar overdrive,,Archetype: Nolly X,3.2.0,verified,"Gain (0-10, default 1.5, p1); Bass (0-10, default 4.2, p1); Treble (0-10, default 4.3, p1); Level (0-10, default 5.6, p1)"
Nolly Delay-1 (M),Delay,,Archetype: Nolly X,3.2.0,verified,"Mix (0-100 %, default 50.0, p1); Feedback (0-100 %, default 20.0, p1); Sync (switch, Off/On, default On, p1); Sync Note (select, note values, default 1/4, p1); Delay Time (time, ms, default 80, p1); Trails (switch, Off/On, default On, p1); Tone (0-100 %, default 50, p1)"
Nolly Delay-2,Delay,,Archetype: Nolly X,3.2.0,verified,"Mix (0-100 %, default 50.0, p1); Feedback (0-100 %, default 25.0, p1); Delay Time (time, ms, default 500, p1); Sync (switch, Off/On, default On, p1); Sync Note (select, note values, default 1/4, p1); High Pass (Hz, default 60, p1); Low Pass (Hz, default 5000, p1); Ping Pong (switch, Off/On, default On, p1); Mod (0-100 %, default 50.0, p1); Trails (switch, Off/On, default On, p1)"
Nolly Clean,Guitar amps,,Archetype: Nolly X,3.2.0,verified,"Gain (0-10, default 5.0, p1); Bass (0-10, default 5.0, p1); Middle (0-10, default 5.0, p1); Treble (0-10, default 5.0, p1); Bright (switch, Off/On, default Off, p1); Master (0-10, default 5.0, p1); Output (dB, default 0.0, p1)"
Nolly Crunch,Guitar amps,,Archetype: Nolly X,3.2.0,verified,"Gain (0-10, default 5.0, p1); Bass (0-10, default 5.0, p1); Mid (0-10, default 5.0, p1); Treble (0-10, default 5.0, p1); Bright (switch, Off/On, default Off, p1); Presence (0-10, default 5.0, p1); Depth (0-10, default 5.0, p1); Master (0-10, default 5.0, p1); Output (dB, default 0.0, p1)"
Nolly Rhythm,Guitar amps,,Archetype: Nolly X,3.2.0,verified,"Gain (0-10, default 5.0, p1); Bass (0-10, default 5.0, p1); Mid (0-10, default 5.0, p1); Treble (0-10, default 5.0, p1); Resonance (0-10, default 5.0, p1); Presence (0-10, default 5.0, p1); Master (0-10, default 5.0, p1); Output (dB, default 0.0, p1)"
Nolly Lead,Guitar amps,,Archetype: Nolly X,3.2.0,verified,"Gain (0-10, default 6.0, p1); Bass (0-10, default 3.9, p1); Middle (0-10, default 5.0, p1); Treble (0-10, default 4.4, p1); Master (0-10, default 4.0, p1); Output (dB, default 0.0, p1)"
Nolly Graphic-9,EQ,,Archetype: Nolly X,3.2.0,verified,"Band 1 (75Hz) (dB, default 0.0, p1); Band 2 (150Hz) (dB, default 0.0, p1); Band 3 (250Hz) (dB, default 0.0, p1); Band 4 (400Hz) (dB, default 0.0, p1); Band 5 (800Hz) (dB, default 0.0, p1); Band 6 (1.5kHz) (dB, default 0.0, p1); Band 7 (4.5kHz) (dB, default 0.0, p1); Band 8 (8kHz) (dB, default 0.0, p1); Band 9 (12kHz) (dB, default 0.0, p1); HPF (Hz, default OFF, p1); LPF (Hz, default OFF, p1); Nolly's Mod (switch, Off/On, default Off, p1); Output (dB, default 0.0, p1)"
Nolly Reverb,Reverb,,Archetype: Nolly X,3.2.0,verified,"Mix (0-100 %, default 50.0, p1); Decay (s, default 3.0, p1); Low Cut (0-100 %, default 0, p1); High Cut (0-100 %, default 100, p1); Trails (switch, Off/On, default On, p1)"
Petrucci Wah,Wah,,Archetype: Petrucci X,4.1.0,verified,"Position (0-100 %, default 0, p1)"
Petrucci Compressor,Compressor,,Archetype: Petrucci X,4.1.0,verified,"Comp (0-10, default 5.0, p1); Level (0-10, default 5.0, p1); Gain Reduction (meter, dB, p1)"
Petrucci Overdrive,Guitar overdrive,,Archetype: Petrucci X,4.1.0,verified,"Drive (0-10, default 5.0, p1); Tone (0-10, default 5.0, p1); Level (0-10, default 5.0, p1)"
Petrucci Phaser,Modulation,,Archetype: Petrucci X,4.1.0,verified,"Rate (0-100 %, default 50, p1); Mode (switch, Vibe/Phase, default Phase, p1); Output (dB, default 0.0, p1)"
Petrucci Chorus 1,Modulation,,Archetype: Petrucci X,4.1.0,verified,"Rate (0-100 %, default 50, p1); Depth (0-100 %, default 50, p1); Mode (switch, Norm/Tri, default Norm, p1); Level (0-100 %, default 50, p1); Output (dB, default 0.0, p1)"
Petrucci Chorus 2,Modulation,,Archetype: Petrucci X,4.1.0,verified,"Mix (0-100 %, default 50, p1); Mode (switch, Vintage/Spatial, default Spatial, p1); Rate (Hz, default 0.89, p1); Sync (switch, Off/On, default Off, p1); Sync Note (select, note values, default 1/4, p1); Depth (0-100 %, default 50, p1); Output (dB, default 0.0, p1)"
Petrucci Flanger,Modulation,,Archetype: Petrucci X,4.1.0,verified,"Rate (0-100 %, default 50, p1); Depth (0-100 %, default 50, p1); Range (0-100 %, default 50, p1); Feedback (0-100 %, default 50, p1); Sync (switch, Off/On, default Off, p1); Sync Note (select, note values, default 1/4, p1); Output (dB, default 0.0, p1)"
Petrucci Piezo,Guitar amps,,Archetype: Petrucci X,4.1.0,verified,"Body (0-10, default 5.0, p1); Air (switch, Off/On, default Off, p1); Bass (0-10, default 5.0, p1); Middle (0-10, default 5.0, p1); Treble (0-10, default 5.0, p1); Presence (0-10, default 5.0, p1); Output (dB, default 0.0, p1)"
Petrucci Clean,Guitar amps,,Archetype: Petrucci X,4.1.0,verified,"Gain (0-10, default 5.0, p1); Bright (switch, Off/On, default Off, p1); Bass (0-10, default 5.0, p1); Middle (0-10, default 5.0, p1); Treble (0-10, default 5.0, p1); Presence (0-10, default 5.0, p1); Master (0-10, default 5.0, p1); Output (dB, default 0.0, p1)"
Petrucci Rhythm,Guitar amps,,Archetype: Petrucci X,4.1.0,verified,"Gain (0-10, default 5.0, p1); Bite (switch, Off/On, default Off, p1); Tight (0-10, default 5.0, p1); Bass (0-10, default 5.0, p1); Middle (0-10, default 5.0, p1); Mid Boost (switch, Off/On, default Off, p1); Treble (0-10, default 5.0, p1); Presence (0-10, default 5.0, p1); Master (0-10, default 5.0, p1); Output (dB, default 0.0, p1)"
Petrucci Lead,Guitar amps,,Archetype: Petrucci X,4.1.0,verified,"Gain (0-10, default 5.0, p1); Bass (0-10, default 5.0, p1); Middle (0-10, default 5.0, p1); Soar (switch, Off/On, default Off, p1); Treble (0-10, default 5.0, p1); Presence (0-10, default 5.0, p1); Master (0-10, default 5.0, p1); Output (dB, default 0.0, p1)"
Petrucci Volume,Utility,,Archetype: Petrucci X,4.1.0,verified,"Level (0-100 %, default 100.0, p1); Mid-Point (0-100 %, default 15, p1)"
Petrucci Delay,Delay,,Archetype: Petrucci X,4.1.0,verified,"Mix (0-100 %, default 50.0, p1); Feedback (0-100 %, default 50.0, p1); Sync (switch, Off/On, default On, p1); Delay Time L (time, ms, default 500, p1); Delay Time R (time, ms, default 500, p1); Crystals (0-100 %, default 50.0, p1); Tape (0-100 %, default 50.0, p1); Mod (0-100 %, default 50.0, p1); Sync Note L (select, note values, default 1/4, p1); Sync Note R (select, note values, default 1/4, p1); Mode (switch, Dual/Single, default Dual, p2); Cross Feed (0-100 %, default 50.0, p2); High Pass (Hz, default 20, p2); Low Pass (Hz, default 16000, p2); Trails (switch, Off/On, default On, p2)"
Petrucci Reverb,Reverb,,Archetype: Petrucci X,4.1.0,verified,"Mix (0-100 %, default 50.0, p1); Pre-Delay (ms, default 64.0, p1); Decay (0-100 %, default 50.0, p1); Low Cut (0-100 %, default 0, p1); High Cut (0-100 %, default 100, p1); Trails (switch, Off/On, default On, p1)"
Petrucci Reverb Shimmer,Reverb,,Archetype: Petrucci X,4.1.0,verified,"Mix (0-100 %, default 50.0, p1); Pre-Delay (ms, default 15.0, p1); Decay (0-100 %, default 50, p1); Low Cut (0-100 %, default 0, p1); High Cut (0-100 %, default 100, p1); Trails (switch, Off/On, default On, p1)"
Nolly Cab 1 (M),Guitar cabinets,,Archetype: Nolly X,3.2.0,verified,"Mic A (select, Speaker Closed GB: Ribbon 160 / Ribbon 121 / Dynamic 57 / Dynamic 421 / Condenser 414 / Condenser 184; Speaker Open GB: Ribbon 160 / Ribbon 121 / Dynamic 57 / Dynamic 421 / Condenser 414 / Condenser 184; Load custom IR, default Dynamic 57, p1); Mic A On (switch, Off/On, default On, p1); Mic A Level (dB, default 0.0, p1); Mic A Position (0-1, default 0.3, p1); Mic A Dist (0-1, default 0.1, p1); Mic A Pan (L-C-R, default C, p1); Mic A Phase invert (button, off/on, default off, p1); Mic B (select, Speaker Closed GB: Ribbon 160 / Ribbon 121 / Dynamic 57 / Dynamic 421 / Condenser 414 / Condenser 184; Speaker Open GB: Ribbon 160 / Ribbon 121 / Dynamic 57 / Dynamic 421 / Condenser 414 / Condenser 184; Load custom IR, default Ribbon 160, p1); Mic B On (switch, Off/On, default On, p1); Mic B Level (dB, default 0.0, p1); Mic B Position (0-1, default 0.3, p1); Mic B Dist (0-1, default 0.1, p1); Mic B Pan (L-C-R, default C, p1); Mic B Phase invert (button, off/on, default off, p1); Room Left (switch, Off/On, default Off, p2); Room Left Level (dB, default -6.0, p2); Room Right (switch, Off/On, default Off, p2); Room Right Level (dB, default -6.0, p2); HPF (Hz (OFF-), default OFF, p3); Output Volume (dB, default 0.0, p3); LPF (Hz (-OFF), default OFF, p3)"
Nolly Cab 1 (ST),Guitar cabinets,,Archetype: Nolly X,3.2.0,verified,"Mic A (select, Speaker Closed GB: Ribbon 160 / Ribbon 121 / Dynamic 57 / Dynamic 421 / Condenser 414 / Condenser 184; Speaker Open GB: Ribbon 160 / Ribbon 121 / Dynamic 57 / Dynamic 421 / Condenser 414 / Condenser 184; Load custom IR, default Dynamic 57, p1); Mic A On (switch, Off/On, default On, p1); Mic A Level (dB, default 0.0, p1); Mic A Position (0-1, default 0.3, p1); Mic A Dist (0-1, default 0.1, p1); Mic A Balance (L-C-R, default C, p1); Mic A Phase invert (button, off/on, default off, p1); Mic B (select, Speaker Closed GB: Ribbon 160 / Ribbon 121 / Dynamic 57 / Dynamic 421 / Condenser 414 / Condenser 184; Speaker Open GB: Ribbon 160 / Ribbon 121 / Dynamic 57 / Dynamic 421 / Condenser 414 / Condenser 184; Load custom IR, default Ribbon 160, p1); Mic B On (switch, Off/On, default On, p1); Mic B Level (dB, default 0.0, p1); Mic B Position (0-1, default 0.3, p1); Mic B Dist (0-1, default 0.1, p1); Mic B Balance (L-C-R, default C, p1); Mic B Phase invert (button, off/on, default off, p1); Room Left (switch, Off/On, default Off, p2); Room Left Level (dB, default -6.0, p2); Room Right (switch, Off/On, default Off, p2); Room Right Level (dB, default -6.0, p2); HPF (Hz (OFF-), default OFF, p3); Output Volume (dB, default 0.0, p3); LPF (Hz (-OFF), default OFF, p3)"
Nolly Cab 2 (M),Guitar cabinets,,Archetype: Nolly X,3.2.0,verified,"Mic A (select, Speaker CB 74: Ribbon 160 / Ribbon 121 / Dynamic 57 / Dynamic 421 / Condenser 414 / Condenser 184; Speaker V30 12: Ribbon 160 / Ribbon 121 / Dynamic 57 / Dynamic 421 / Condenser 414 / Condenser 184; Load custom IR, default Dynamic 57, p1); Mic A On (switch, Off/On, default On, p1); Mic A Level (dB, default 0.0, p1); Mic A Position (0-1, default 0.3, p1); Mic A Dist (0-1, default 0.1, p1); Mic A Pan (L-C-R, default C, p1); Mic A Phase invert (button, off/on, default off, p1); Mic B (select, Speaker CB 74: Ribbon 160 / Ribbon 121 / Dynamic 57 / Dynamic 421 / Condenser 414 / Condenser 184; Speaker V30 12: Ribbon 160 / Ribbon 121 / Dynamic 57 / Dynamic 421 / Condenser 414 / Condenser 184; Load custom IR, default Ribbon 160, p1); Mic B On (switch, Off/On, default On, p1); Mic B Level (dB, default 0.0, p1); Mic B Position (0-1, default 0.3, p1); Mic B Dist (0-1, default 0.1, p1); Mic B Pan (L-C-R, default C, p1); Mic B Phase invert (button, off/on, default off, p1); Room Left (switch, Off/On, default Off, p2); Room Left Level (dB, default -6.0, p2); Room Right (switch, Off/On, default Off, p2); Room Right Level (dB, default -6.0, p2); HPF (Hz (OFF-), default OFF, p3); Output Volume (dB, default 0.0, p3); LPF (Hz (-OFF), default OFF, p3)"
Nolly Cab 2 (ST),Guitar cabinets,,Archetype: Nolly X,3.2.0,verified,"Mic A (select, Speaker CB 74: Ribbon 160 / Ribbon 121 / Dynamic 57 / Dynamic 421 / Condenser 414 / Condenser 184; Speaker V30 12: Ribbon 160 / Ribbon 121 / Dynamic 57 / Dynamic 421 / Condenser 414 / Condenser 184; Load custom IR, default Dynamic 57, p1); Mic A On (switch, Off/On, default On, p1); Mic A Level (dB, default 0.0, p1); Mic A Position (0-1, default 0.3, p1); Mic A Dist (0-1, default 0.1, p1); Mic A Balance (L-C-R, default C, p1); Mic A Phase invert (button, off/on, default off, p1); Mic B (select, Speaker CB 74: Ribbon 160 / Ribbon 121 / Dynamic 57 / Dynamic 421 / Condenser 414 / Condenser 184; Speaker V30 12: Ribbon 160 / Ribbon 121 / Dynamic 57 / Dynamic 421 / Condenser 414 / Condenser 184; Load custom IR, default Ribbon 160, p1); Mic B On (switch, Off/On, default On, p1); Mic B Level (dB, default 0.0, p1); Mic B Position (0-1, default 0.3, p1); Mic B Dist (0-1, default 0.1, p1); Mic B Balance (L-C-R, default C, p1); Mic B Phase invert (button, off/on, default off, p1); Room Left (switch, Off/On, default Off, p2); Room Left Level (dB, default -6.0, p2); Room Right (switch, Off/On, default Off, p2); Room Right Level (dB, default -6.0, p2); HPF (Hz (OFF-), default OFF, p3); Output Volume (dB, default 0.0, p3); LPF (Hz (-OFF), default OFF, p3)"
Nolly Cab 3 (M),Guitar cabinets,,Archetype: Nolly X,3.2.0,verified,"Mic A (select, Speaker V30 Ang: Ribbon 160 / Ribbon 121 / Dynamic 57 / Dynamic 421 / Condenser 414 / Condenser 184; Speaker V30 Str: Ribbon 160 / Ribbon 121 / Dynamic 57 / Dynamic 421 / Condenser 414 / Condenser 184; Load custom IR, default Dynamic 57, p1); Mic A On (switch, Off/On, default On, p1); Mic A Level (dB, default 0.0, p1); Mic A Position (0-1, default 0.3, p1); Mic A Dist (0-1, default 0.1, p1); Mic A Pan (L-C-R, default C, p1); Mic A Phase invert (button, off/on, default off, p1); Mic B (select, Speaker V30 Ang: Ribbon 160 / Ribbon 121 / Dynamic 57 / Dynamic 421 / Condenser 414 / Condenser 184; Speaker V30 Str: Ribbon 160 / Ribbon 121 / Dynamic 57 / Dynamic 421 / Condenser 414 / Condenser 184; Load custom IR, default Ribbon 160, p1); Mic B On (switch, Off/On, default On, p1); Mic B Level (dB, default 0.0, p1); Mic B Position (0-1, default 0.3, p1); Mic B Dist (0-1, default 0.1, p1); Mic B Pan (L-C-R, default C, p1); Mic B Phase invert (button, off/on, default off, p1); Room Left (switch, Off/On, default Off, p2); Room Left Level (dB, default -6.0, p2); Room Right (switch, Off/On, default Off, p2); Room Right Level (dB, default -6.0, p2); HPF (Hz (OFF-), default OFF, p3); Output Volume (dB, default 0.0, p3); LPF (Hz (-OFF), default OFF, p3)"
Nolly Cab 3 (ST),Guitar cabinets,,Archetype: Nolly X,3.2.0,verified,"Mic A (select, Speaker V30 Ang: Ribbon 160 / Ribbon 121 / Dynamic 57 / Dynamic 421 / Condenser 414 / Condenser 184; Speaker V30 Str: Ribbon 160 / Ribbon 121 / Dynamic 57 / Dynamic 421 / Condenser 414 / Condenser 184; Load custom IR, default Dynamic 57, p1); Mic A On (switch, Off/On, default On, p1); Mic A Level (dB, default 0.0, p1); Mic A Position (0-1, default 0.3, p1); Mic A Dist (0-1, default 0.1, p1); Mic A Balance (L-C-R, default C, p1); Mic A Phase invert (button, off/on, default off, p1); Mic B (select, Speaker V30 Ang: Ribbon 160 / Ribbon 121 / Dynamic 57 / Dynamic 421 / Condenser 414 / Condenser 184; Speaker V30 Str: Ribbon 160 / Ribbon 121 / Dynamic 57 / Dynamic 421 / Condenser 414 / Condenser 184; Load custom IR, default Ribbon 160, p1); Mic B On (switch, Off/On, default On, p1); Mic B Level (dB, default 0.0, p1); Mic B Position (0-1, default 0.3, p1); Mic B Dist (0-1, default 0.1, p1); Mic B Balance (L-C-R, default C, p1); Mic B Phase invert (button, off/on, default off, p1); Room Left (switch, Off/On, default Off, p2); Room Left Level (dB, default -6.0, p2); Room Right (switch, Off/On, default Off, p2); Room Right Level (dB, default -6.0, p2); HPF (Hz (OFF-), default OFF, p3); Output Volume (dB, default 0.0, p3); LPF (Hz (-OFF), default OFF, p3)"
Nolly Cab 4 (M),Guitar cabinets,,Archetype: Nolly X,3.2.0,verified,"Mic A (select, Speaker 212: Ribbon 160 / Ribbon 121 / Dynamic 57 / Dynamic 421 / Condenser 414 / Condenser 184; Speaker 75: Ribbon 160 / Ribbon 121 / Dynamic 57 / Dynamic 421 / Condenser 414 / Condenser 184; Load custom IR, default Dynamic 57, p1); Mic A On (switch, Off/On, default On, p1); Mic A Level (dB, default 0.0, p1); Mic A Position (0-1, default 0.3, p1); Mic A Dist (0-1, default 0.1, p1); Mic A Pan (L-C-R, default C, p1); Mic A Phase invert (button, off/on, default off, p1); Mic B (select, Speaker 212: Ribbon 160 / Ribbon 121 / Dynamic 57 / Dynamic 421 / Condenser 414 / Condenser 184; Speaker 75: Ribbon 160 / Ribbon 121 / Dynamic 57 / Dynamic 421 / Condenser 414 / Condenser 184; Load custom IR, default Ribbon 160, p1); Mic B On (switch, Off/On, default On, p1); Mic B Level (dB, default 0.0, p1); Mic B Position (0-1, default 0.3, p1); Mic B Dist (0-1, default 0.1, p1); Mic B Pan (L-C-R, default C, p1); Mic B Phase invert (button, off/on, default off, p1); Room Left (switch, Off/On, default Off, p2); Room Left Level (dB, default -6.0, p2); Room Right (switch, Off/On, default Off, p2); Room Right Level (dB, default -6.0, p2); HPF (Hz (OFF-), default OFF, p3); Output Volume (dB, default 0.0, p3); LPF (Hz (-OFF), default OFF, p3)"
Nolly Cab 4 (ST),Guitar cabinets,,Archetype: Nolly X,3.2.0,verified,"Mic A (select, Speaker 212: Ribbon 160 / Ribbon 121 / Dynamic 57 / Dynamic 421 / Condenser 414 / Condenser 184; Speaker 75: Ribbon 160 / Ribbon 121 / Dynamic 57 / Dynamic 421 / Condenser 414 / Condenser 184; Load custom IR, default Dynamic 57, p1); Mic A On (switch, Off/On, default On, p1); Mic A Level (dB, default 0.0, p1); Mic A Position (0-1, default 0.3, p1); Mic A Dist (0-1, default 0.1, p1); Mic A Balance (L-C-R, default C, p1); Mic A Phase invert (button, off/on, default off, p1); Mic B (select, Speaker 212: Ribbon 160 / Ribbon 121 / Dynamic 57 / Dynamic 421 / Condenser 414 / Condenser 184; Speaker 75: Ribbon 160 / Ribbon 121 / Dynamic 57 / Dynamic 421 / Condenser 414 / Condenser 184; Load custom IR, default Ribbon 160, p1); Mic B On (switch, Off/On, default On, p1); Mic B Level (dB, default 0.0, p1); Mic B Position (0-1, default 0.3, p1); Mic B Dist (0-1, default 0.1, p1); Mic B Balance (L-C-R, default C, p1); Mic B Phase invert (button, off/on, default off, p1); Room Left (switch, Off/On, default Off, p2); Room Left Level (dB, default -6.0, p2); Room Right (switch, Off/On, default Off, p2); Room Right Level (dB, default -6.0, p2); HPF (Hz (OFF-), default OFF, p3); Output Volume (dB, default 0.0, p3); LPF (Hz (-OFF), default OFF, p3)"
Gojira Cab 1 (M),Guitar cabinets,,Archetype: Gojira X,3.0.0,verified,"Mic A (select, Ribbon 160 / Ribbon 121 / Dynamic 57 / Dynamic 421 / Condenser 414 / Condenser 184 / Load custom IR, default Dynamic 57, p1); Mic A On (switch, Off/On, default On, p1); Mic A Level (dB, default 0.0, p1); Mic A Position (0-1, default 0.3, p1); Mic A Dist (0-1, default 0.0, p1); Mic A Pan (L-C-R, default C, p1); Mic A Phase invert (button, off/on, default off, p1); Mic B (select, Ribbon 160 / Ribbon 121 / Dynamic 57 / Dynamic 421 / Condenser 414 / Condenser 184 / Load custom IR, default Ribbon 121, p1); Mic B On (switch, Off/On, default On, p1); Mic B Level (dB, default 0.0, p1); Mic B Position (0-1, default 0.3, p1); Mic B Dist (0-1, default 0.0, p1); Mic B Pan (L-C-R, default C, p1); Mic B Phase invert (button, off/on, default off, p1); Room Left (switch, Off/On, default Off, p2); Room Left Level (dB, default -6.0, p2); Room Right (switch, Off/On, default Off, p2); Room Right Level (dB, default -6.0, p2); HPF (Hz (OFF-), default OFF, p3); Output Volume (dB, default 0.0, p3); LPF (Hz (-OFF), default OFF, p3)"
Gojira Cab 1 (ST),Guitar cabinets,,Archetype: Gojira X,3.0.0,verified,"Mic A (select, Ribbon 160 / Ribbon 121 / Dynamic 57 / Dynamic 421 / Condenser 414 / Condenser 184 / Load custom IR, default Dynamic 57, p1); Mic A On (switch, Off/On, default On, p1); Mic A Level (dB, default 0.0, p1); Mic A Position (0-1, default 0.3, p1); Mic A Dist (0-1, default 0.0, p1); Mic A Balance (L-C-R, default C, p1); Mic A Phase invert (button, off/on, default off, p1); Mic B (select, Ribbon 160 / Ribbon 121 / Dynamic 57 / Dynamic 421 / Condenser 414 / Condenser 184 / Load custom IR, default Ribbon 121, p1); Mic B On (switch, Off/On, default On, p1); Mic B Level (dB, default 0.0, p1); Mic B Position (0-1, default 0.3, p1); Mic B Dist (0-1, default 0.0, p1); Mic B Balance (L-C-R, default C, p1); Mic B Phase invert (button, off/on, default off, p1); Room Left (switch, Off/On, default Off, p2); Room Left Level (dB, default -6.0, p2); Room Right (switch, Off/On, default Off, p2); Room Right Level (dB, default -6.0, p2); HPF (Hz (OFF-), default OFF, p3); Output Volume (dB, default 0.0, p3); LPF (Hz (-OFF), default OFF, p3)"
Gojira Cab 2 (M),Guitar cabinets,,Archetype: Gojira X,3.0.0,verified,"Mic A (select, Ribbon 160 / Ribbon 121 / Dynamic 57 / Dynamic 421 / Condenser 414 / Condenser 184 / Load custom IR, default Dynamic 57, p1); Mic A On (switch, Off/On, default On, p1); Mic A Level (dB, default 0.0, p1); Mic A Position (0-1, default 0.3, p1); Mic A Dist (0-1, default 0.0, p1); Mic A Pan (L-C-R, default C, p1); Mic A Phase invert (button, off/on, default off, p1); Mic B (select, Ribbon 160 / Ribbon 121 / Dynamic 57 / Dynamic 421 / Condenser 414 / Condenser 184 / Load custom IR, default Ribbon 121, p1); Mic B On (switch, Off/On, default On, p1); Mic B Level (dB, default 0.0, p1); Mic B Position (0-1, default 0.3, p1); Mic B Dist (0-1, default 0.0, p1); Mic B Pan (L-C-R, default C, p1); Mic B Phase invert (button, off/on, default off, p1); Room Left (switch, Off/On, default Off, p2); Room Left Level (dB, default -6.0, p2); Room Right (switch, Off/On, default Off, p2); Room Right Level (dB, default -6.0, p2); HPF (Hz (OFF-), default OFF, p3); Output Volume (dB, default 0.0, p3); LPF (Hz (-OFF), default OFF, p3)"
Gojira Cab 2 (ST),Guitar cabinets,,Archetype: Gojira X,3.0.0,verified,"Mic A (select, Ribbon 160 / Ribbon 121 / Dynamic 57 / Dynamic 421 / Condenser 414 / Condenser 184 / Load custom IR, default Dynamic 57, p1); Mic A On (switch, Off/On, default On, p1); Mic A Level (dB, default 0.0, p1); Mic A Position (0-1, default 0.3, p1); Mic A Dist (0-1, default 0.0, p1); Mic A Balance (L-C-R, default C, p1); Mic A Phase invert (button, off/on, default off, p1); Mic B (select, Ribbon 160 / Ribbon 121 / Dynamic 57 / Dynamic 421 / Condenser 414 / Condenser 184 / Load custom IR, default Ribbon 121, p1); Mic B On (switch, Off/On, default On, p1); Mic B Level (dB, default 0.0, p1); Mic B Position (0-1, default 0.3, p1); Mic B Dist (0-1, default 0.0, p1); Mic B Balance (L-C-R, default C, p1); Mic B Phase invert (button, off/on, default off, p1); Room Left (switch, Off/On, default Off, p2); Room Left Level (dB, default -6.0, p2); Room Right (switch, Off/On, default Off, p2); Room Right Level (dB, default -6.0, p2); HPF (Hz (OFF-), default OFF, p3); Output Volume (dB, default 0.0, p3); LPF (Hz (-OFF), default OFF, p3)"
Gojira Cab 3 (M),Guitar cabinets,,Archetype: Gojira X,3.0.0,verified,"Mic A (select, Ribbon 160 / Ribbon 121 / Dynamic 57 / Dynamic 57 Off-Axis / Dynamic 421 / Condenser 414 / Condenser 184 / Load custom IR, default Dynamic 57, p1); Mic A On (switch, Off/On, default On, p1); Mic A Level (dB, default 0.0, p1); Mic A Position (0-1, default 0.3, p1); Mic A Dist (0-1, default 0.0, p1); Mic A Pan (L-C-R, default C, p1); Mic A Phase invert (button, off/on, default off, p1); Mic B (select, Ribbon 160 / Ribbon 121 / Dynamic 57 / Dynamic 57 Off-Axis / Dynamic 421 / Condenser 414 / Condenser 184 / Load custom IR, default Condenser 414, p1); Mic B On (switch, Off/On, default On, p1); Mic B Level (dB, default 0.0, p1); Mic B Position (0-1, default 0.3, p1); Mic B Dist (0-1, default 0.0, p1); Mic B Pan (L-C-R, default C, p1); Mic B Phase invert (button, off/on, default off, p1); Room Left (switch, Off/On, default Off, p2); Room Left Level (dB, default -6.0, p2); Room Right (switch, Off/On, default Off, p2); Room Right Level (dB, default -6.0, p2); HPF (Hz (OFF-), default OFF, p3); Output Volume (dB, default 0.0, p3); LPF (Hz (-OFF), default OFF, p3)"
Gojira Cab 3 (ST),Guitar cabinets,,Archetype: Gojira X,3.0.0,verified,"Mic A (select, Ribbon 160 / Ribbon 121 / Dynamic 57 / Dynamic 57 Off-Axis / Dynamic 421 / Condenser 414 / Condenser 184 / Load custom IR, default Dynamic 57, p1); Mic A On (switch, Off/On, default On, p1); Mic A Level (dB, default 0.0, p1); Mic A Position (0-1, default 0.3, p1); Mic A Dist (0-1, default 0.0, p1); Mic A Balance (L-C-R, default C, p1); Mic A Phase invert (button, off/on, default off, p1); Mic B (select, Ribbon 160 / Ribbon 121 / Dynamic 57 / Dynamic 57 Off-Axis / Dynamic 421 / Condenser 414 / Condenser 184 / Load custom IR, default Condenser 414, p1); Mic B On (switch, Off/On, default On, p1); Mic B Level (dB, default 0.0, p1); Mic B Position (0-1, default 0.3, p1); Mic B Dist (0-1, default 0.0, p1); Mic B Balance (L-C-R, default C, p1); Mic B Phase invert (button, off/on, default off, p1); Room Left (switch, Off/On, default Off, p2); Room Left Level (dB, default -6.0, p2); Room Right (switch, Off/On, default Off, p2); Room Right Level (dB, default -6.0, p2); HPF (Hz (OFF-), default OFF, p3); Output Volume (dB, default 0.0, p3); LPF (Hz (-OFF), default OFF, p3)"
Cory Wong Cab 1 (M),Guitar cabinets,,Archetype: Cory Wong X,3.2.0,verified,"Mic A (select, Ribbon 160 / Ribbon 121 / Dynamic 57 / Dynamic 421 / Condenser 414 / Condenser 184 / Load custom IR, default Dynamic 57, p1); Mic A On (switch, Off/On, default On, p1); Mic A Level (dB, default 0.0, p1); Mic A Position (0-1, default 0.3, p1); Mic A Dist (0-1, default 0.1, p1); Mic A Pan (L-C-R, default C, p1); Mic A Phase invert (button, off/on, default off, p1); Mic B (select, Ribbon 160 / Ribbon 121 / Dynamic 57 / Dynamic 421 / Condenser 414 / Condenser 184 / Load custom IR, default Ribbon 160, p1); Mic B On (switch, Off/On, default On, p1); Mic B Level (dB, default 0.0, p1); Mic B Position (0-1, default 0.3, p1); Mic B Dist (0-1, default 0.1, p1); Mic B Pan (L-C-R, default C, p1); Mic B Phase invert (button, off/on, default off, p1); Room Left (switch, Off/On, default Off, p2); Room Left Level (dB, default -6.0, p2); Room Right (switch, Off/On, default Off, p2); Room Right Level (dB, default -6.0, p2); HPF (Hz (OFF-), default OFF, p3); Output Volume (dB, default 0.0, p3); LPF (Hz (-OFF), default OFF, p3)"
Cory Wong Cab 1 (ST),Guitar cabinets,,Archetype: Cory Wong X,3.2.0,verified,"Mic A (select, Ribbon 160 / Ribbon 121 / Dynamic 57 / Dynamic 421 / Condenser 414 / Condenser 184 / Load custom IR, default Dynamic 57, p1); Mic A On (switch, Off/On, default On, p1); Mic A Level (dB, default 0.0, p1); Mic A Position (0-1, default 0.3, p1); Mic A Dist (0-1, default 0.1, p1); Mic A Balance (L-C-R, default C, p1); Mic A Phase invert (button, off/on, default off, p1); Mic B (select, Ribbon 160 / Ribbon 121 / Dynamic 57 / Dynamic 421 / Condenser 414 / Condenser 184 / Load custom IR, default Ribbon 160, p1); Mic B On (switch, Off/On, default On, p1); Mic B Level (dB, default 0.0, p1); Mic B Position (0-1, default 0.3, p1); Mic B Dist (0-1, default 0.1, p1); Mic B Balance (L-C-R, default C, p1); Mic B Phase invert (button, off/on, default off, p1); Room Left (switch, Off/On, default Off, p2); Room Left Level (dB, default -6.0, p2); Room Right (switch, Off/On, default Off, p2); Room Right Level (dB, default -6.0, p2); HPF (Hz (OFF-), default OFF, p3); Output Volume (dB, default 0.0, p3); LPF (Hz (-OFF), default OFF, p3)"
Cory Wong Cab 2 (M),Guitar cabinets,,Archetype: Cory Wong X,3.2.0,verified,"Mic A (select, Ribbon 160 / Ribbon 121 / Dynamic 57 / Dynamic 421 / Condenser 414 / Condenser 184 / Load custom IR, default Dynamic 57, p1); Mic A On (switch, Off/On, default On, p1); Mic A Level (dB, default 0.0, p1); Mic A Position (0-1, default 0.3, p1); Mic A Dist (0-1, default 0.1, p1); Mic A Pan (L-C-R, default C, p1); Mic A Phase invert (button, off/on, default off, p1); Mic B (select, Ribbon 160 / Ribbon 121 / Dynamic 57 / Dynamic 421 / Condenser 414 / Condenser 184 / Load custom IR, default Ribbon 160, p1); Mic B On (switch, Off/On, default On, p1); Mic B Level (dB, default 0.0, p1); Mic B Position (0-1, default 0.3, p1); Mic B Dist (0-1, default 0.1, p1); Mic B Pan (L-C-R, default C, p1); Mic B Phase invert (button, off/on, default off, p1); Room Left (switch, Off/On, default Off, p2); Room Left Level (dB, default -6.0, p2); Room Right (switch, Off/On, default Off, p2); Room Right Level (dB, default -6.0, p2); HPF (Hz (OFF-), default OFF, p3); Output Volume (dB, default 0.0, p3); LPF (Hz (-OFF), default OFF, p3)"
Cory Wong Cab 2 (ST),Guitar cabinets,,Archetype: Cory Wong X,3.2.0,verified,"Mic A (select, Ribbon 160 / Ribbon 121 / Dynamic 57 / Dynamic 421 / Condenser 414 / Condenser 184 / Load custom IR, default Dynamic 57, p1); Mic A On (switch, Off/On, default On, p1); Mic A Level (dB, default 0.0, p1); Mic A Position (0-1, default 0.3, p1); Mic A Dist (0-1, default 0.1, p1); Mic A Balance (L-C-R, default C, p1); Mic A Phase invert (button, off/on, default off, p1); Mic B (select, Ribbon 160 / Ribbon 121 / Dynamic 57 / Dynamic 421 / Condenser 414 / Condenser 184 / Load custom IR, default Ribbon 160, p1); Mic B On (switch, Off/On, default On, p1); Mic B Level (dB, default 0.0, p1); Mic B Position (0-1, default 0.3, p1); Mic B Dist (0-1, default 0.1, p1); Mic B Balance (L-C-R, default C, p1); Mic B Phase invert (button, off/on, default off, p1); Room Left (switch, Off/On, default Off, p2); Room Left Level (dB, default -6.0, p2); Room Right (switch, Off/On, default Off, p2); Room Right Level (dB, default -6.0, p2); HPF (Hz (OFF-), default OFF, p3); Output Volume (dB, default 0.0, p3); LPF (Hz (-OFF), default OFF, p3)"
Cory Wong Cab 3 (M),Guitar cabinets,,Archetype: Cory Wong X,3.2.0,verified,"Mic A (select, Ribbon 160 / Ribbon 121 / Dynamic 57 / Dynamic 421 / Condenser 414 / Condenser 184 / Load custom IR, default Dynamic 57, p1); Mic A On (switch, Off/On, default On, p1); Mic A Level (dB, default 0.0, p1); Mic A Position (0-1, default 0.3, p1); Mic A Dist (0-1, default 0.1, p1); Mic A Pan (L-C-R, default C, p1); Mic A Phase invert (button, off/on, default off, p1); Mic B (select, Ribbon 160 / Ribbon 121 / Dynamic 57 / Dynamic 421 / Condenser 414 / Condenser 184 / Load custom IR, default Ribbon 160, p1); Mic B On (switch, Off/On, default On, p1); Mic B Level (dB, default 0.0, p1); Mic B Position (0-1, default 0.3, p1); Mic B Dist (0-1, default 0.1, p1); Mic B Pan (L-C-R, default C, p1); Mic B Phase invert (button, off/on, default off, p1); Room Left (switch, Off/On, default Off, p2); Room Left Level (dB, default -6.0, p2); Room Right (switch, Off/On, default Off, p2); Room Right Level (dB, default -6.0, p2); HPF (Hz (OFF-), default OFF, p3); Output Volume (dB, default 0.0, p3); LPF (Hz (-OFF), default OFF, p3)"
Cory Wong Cab 3 (ST),Guitar cabinets,,Archetype: Cory Wong X,3.2.0,verified,"Mic A (select, Ribbon 160 / Ribbon 121 / Dynamic 57 / Dynamic 421 / Condenser 414 / Condenser 184 / Load custom IR, default Dynamic 57, p1); Mic A On (switch, Off/On, default On, p1); Mic A Level (dB, default 0.0, p1); Mic A Position (0-1, default 0.3, p1); Mic A Dist (0-1, default 0.1, p1); Mic A Balance (L-C-R, default C, p1); Mic A Phase invert (button, off/on, default off, p1); Mic B (select, Ribbon 160 / Ribbon 121 / Dynamic 57 / Dynamic 421 / Condenser 414 / Condenser 184 / Load custom IR, default Ribbon 160, p1); Mic B On (switch, Off/On, default On, p1); Mic B Level (dB, default 0.0, p1); Mic B Position (0-1, default 0.3, p1); Mic B Dist (0-1, default 0.1, p1); Mic B Balance (L-C-R, default C, p1); Mic B Phase invert (button, off/on, default off, p1); Room Left (switch, Off/On, default Off, p2); Room Left Level (dB, default -6.0, p2); Room Right (switch, Off/On, default Off, p2); Room Right Level (dB, default -6.0, p2); HPF (Hz (OFF-), default OFF, p3); Output Volume (dB, default 0.0, p3); LPF (Hz (-OFF), default OFF, p3)"
Petrucci Cab (M),Guitar cabinets,,Archetype: Petrucci X,4.1.0,verified,"Mic A (select, Ribbon VR2 / Ribbon 353 / Dynamic 421 / Dynamic 2500 / Condenser FET 301 / Condenser 2500 / Load custom IR, default Dynamic 421, p1); Mic A On (switch, Off/On, default On, p1); Mic A Level (dB, default 0.0, p1); Mic A Position (0-1, default 0.3, p1); Mic A Dist (0-1, default 0.0, p1); Mic A Pan (L-C-R, default C, p1); Mic A Phase invert (button, off/on, default off, p1); Mic B (select, Ribbon VR2 / Ribbon 353 / Dynamic 421 / Dynamic 2500 / Condenser FET 301 / Condenser 2500 / Load custom IR, default Ribbon 353, p1); Mic B On (switch, Off/On, default On, p1); Mic B Level (dB, default 0.0, p1); Mic B Position (0-1, default 0.3, p1); Mic B Dist (0-1, default 0.0, p1); Mic B Pan (L-C-R, default C, p1); Mic B Phase invert (button, off/on, default off, p1); Room Left (switch, Off/On, default Off, p2); Room Left Level (dB, default -6.0, p2); Room Right (switch, Off/On, default Off, p2); Room Right Level (dB, default -6.0, p2); HPF (Hz (OFF-), default OFF, p3); Output Volume (dB, default 0.0, p3); LPF (Hz (-OFF), default OFF, p3)"
Petrucci Cab (ST),Guitar cabinets,,Archetype: Petrucci X,4.1.0,verified,"Mic A (select, Ribbon VR2 / Ribbon 353 / Dynamic 421 / Dynamic 2500 / Condenser FET 301 / Condenser 2500 / Load custom IR, default Dynamic 421, p1); Mic A On (switch, Off/On, default On, p1); Mic A Level (dB, default 0.0, p1); Mic A Position (0-1, default 0.3, p1); Mic A Dist (0-1, default 0.0, p1); Mic A Balance (L-C-R, default C, p1); Mic A Phase invert (button, off/on, default off, p1); Mic B (select, Ribbon VR2 / Ribbon 353 / Dynamic 421 / Dynamic 2500 / Condenser FET 301 / Condenser 2500 / Load custom IR, default Ribbon 353, p1); Mic B On (switch, Off/On, default On, p1); Mic B Level (dB, default 0.0, p1); Mic B Position (0-1, default 0.3, p1); Mic B Dist (0-1, default 0.0, p1); Mic B Balance (L-C-R, default C, p1); Mic B Phase invert (button, off/on, default off, p1); Room Left (switch, Off/On, default Off, p2); Room Left Level (dB, default -6.0, p2); Room Right (switch, Off/On, default Off, p2); Room Right Level (dB, default -6.0, p2); HPF (Hz (OFF-), default OFF, p3); Output Volume (dB, default 0.0, p3); LPF (Hz (-OFF), default OFF, p3)"
